Rank,Website,I.P.Address,Min,AVG,Max,StdDev
1,google.com,216.58.201.14,19.219,23.849,30.011,3.501
2,youtube.com,216.58.204.14,23.406,36.04,75.955,17.258
3,facebook.com,31.13.71.36,118.052,120.563,125.442,2.271
4,baidu.com,123.125.114.144,205.512,262.499,393.309,71.733
5,wikipedia.org,91.198.174.192,31.202,34.591,40.731,2.891
6,yahoo.com,206.190.36.45,180.162,187.257,206.522,7.322
7,google.co.in,216.58.212.67,22.175,34.48,102.121,24.004
8,twitter.com,104.244.42.129,18.379,22.592,27.276,2.232
9,amazon.com,54.239.26.128,timeout,timeout,timeout,timeout
10,qq.com,61.135.157.156,193.303,197.396,201.036,2.408
11,google.co.jp,216.58.213.67,17.337,20.571,26.18,2.851
12,live.com,65.55.206.154,timeout,timeout,timeout,timeout
13,taobao.com,140.205.94.189,284.616,304.322,383.473,31.479
14,vk.com,95.213.11.130,56.62,60.016,65.724,2.713
15,instagram.com,52.22.159.222,116.141,123.061,134.615,5.549
16,linkedin.com,108.174.10.10,111.632,117.936,131.369,6.192
17,hao123.com,180.149.132.19,353.267,379.987,436.742,30.787
18,sohu.com,220.181.90.20,339.053,388.283,453.883,43.115
19,sina.com.cn,202.108.33.60,timeout,timeout,timeout,timeout
20,360.cn,125.88.190.56,336.78,379.479,445.91,40.114
21,weibo.com,114.134.80.162,224.887,255.917,320.776,35.766
22,google.de,216.58.204.3,21.688,26.601,33.791,4.02
23,tmall.com,140.205.130.99,287.877,340.057,400.025,38.229
24,reddit.com,151.101.129.140,17.734,20.244,24.089,1.9
25,google.co.uk,216.58.204.35,21.37,24.436,29.403,2.739
26,yahoo.co.jp,182.22.59.229,272.736,308.216,374.389,34.34
27,google.com.br,216.58.201.35,20.428,23.987,30.943,2.73
28,google.fr,216.58.212.99,19.838,22.972,27.018,2.06
29,yandex.ru,5.255.255.77,56.648,61.064,81.908,7.139
30,google.ru,216.58.212.99,19.684,24.065,27.619,2.108
31,onclickads.net,206.54.163.4,34.802,56.083,145.637,34.522
32,soso.com,106.120.151.169,352.068,373.363,452.314,29.854
33,t.co,104.244.42.197,19.667,32.651,65.221,15.791
34,ebay.com,66.211.181.123,timeout,timeout,timeout,timeout
35,wordpress.com,192.0.78.17,29.608,42.883,89.071,18.517
36,bing.com,13.107.21.200,22.567,26.652,32.312,2.937
37,blogspot.com,216.58.208.137,15.623,18.165,22.476,2.082
38,google.it,216.58.204.67,20.254,24.405,30.118,3.052
39,tumblr.com,66.6.32.30,timeout,timeout,timeout,timeout
40,google.es,216.58.198.163,22.013,27.444,31.917,3.063
41,msn.com,13.88.15.24,timeout,timeout,timeout,timeout
42,stackoverflow.com,151.101.129.69,15.77,18.763,21.402,1.711
43,guangmingwang.xdwscache.ourwebpic.com,203.130.59.30,16.856,19.528,22.408,1.872
44,aliexpress.com,198.11.132.250,190.602,196.238,199.675,2.932
45,microsoft.com,104.40.211.35,timeout,timeout,timeout,timeout
46,apple.com,17.178.96.59,timeout,timeout,timeout,timeout
47,google.com.mx,216.58.204.3,21.28,27.675,58.329,10.904
48,netflix.com,54.76.83.27,timeout,timeout,timeout,timeout
49,pinterest.com,104.156.85.84,16.517,19.918,23.533,2.17
50,google.ca,172.217.23.3,19.757,24.966,30.45,3.215
51,imgur.com,151.101.16.193,25.512,29.278,31.725,1.881
52,paypal.com,64.4.250.24,timeout,timeout,timeout,timeout
53,imdb.com,72.21.206.80,117.28,121.91,125.88,2.054
54,mail.ru,217.69.139.200,75.613,104.191,191.071,40.802
55,google.com.hk,172.217.22.99,33.035,36.19,44.506,3.371
56,naver.com,202.179.177.22,timeout,timeout,timeout,timeout
57,popads.net,216.21.13.13,31.17,47.31,149.54,34.172
58,amazon.co.jp,54.240.252.0,190.729,204.832,258.178,19.062
59,pornhub.com,31.192.120.36,26.107,30.444,34.554,2.305
60,ok.ru,5.61.23.5,73.898,79.275,88.824,3.927
61,github.com,192.30.253.112,123.283,145.303,189.488,27.957
62,blogger.com,216.58.204.9,20.806,23.154,27.761,2.163
63,google.co.kr,216.58.204.35,19.147,31.774,114.001,27.513
64,amazon.in,54.239.32.8,28.543,31.19,35.599,2.352
65,office.com,104.40.225.204,timeout,timeout,timeout,timeout
66,cnzz.com,42.156.162.55,292.685,341.961,437.959,46.088
67,whatsapp.com,192.155.212.203,149.718,168.9,265.701,33.468
68,google.co.id,216.58.198.163,23.566,48.408,135.919,37.54
69,google.com.tr,216.58.208.163,18.329,26.973,43.181,7.886
70,fc2.com,52.41.147.165,194.313,206.921,249.615,15.858
71,google.com.au,216.58.204.3,22.081,25.89,32.28,2.883
72,dropbox.com,108.160.172.206,163.159,172.153,182.5,5.876
73,youku.com,43.250.12.42,273.659,309.906,377.977,34.872
74,google.com.tw,216.58.201.3,20.429,23.61,25.573,1.563
75,adobe.com,192.150.16.117,133.301,137.414,158.117,7.086
76,xinhuanet.com,202.108.119.194,timeout,timeout,timeout,timeout
77,microsoftonline.com,64.4.6.100,timeout,timeout,timeout,timeout
78,googleusercontent.com,unknown,unresolved,unresolved,unresolved,unresolved
79,xhamster.com,88.208.18.30,36.114,39.905,46.43,2.642
80,google.pl,216.58.198.163,20.575,25.082,39.75,5.148
81,tianya.cn,124.225.65.154,366.172,395.978,488.083,37.114
82,cnn.com,151.101.0.73,18.36,23.39,39.394,5.828
83,xvideos.com,141.0.174.35,timeout,timeout,timeout,timeout
84,twitch.tv,50.112.196.159,timeout,timeout,timeout,timeout
85,amazon.de,178.236.7.219,timeout,timeout,timeout,timeout
86,pixnet.net,103.23.108.107,315.959,368.406,449.256,50.038
87,wikia.com,23.235.37.194,15.755,19.323,25.67,2.525
88,ccna.cc00764-s10-01.ccgslb.com,106.48.12.46,36.815,78.963,362.131,96.529
89,adf.ly,104.20.1.4,14.58,21.143,33.146,5.567
90,alibaba.com,198.11.132.23,191.721,215.136,355.598,47.503
91,coccoc.com,123.30.175.29,312.144,354.479,417.736,39.746
92,craigslist.org,208.82.237.129,113.016,126.433,209.632,27.952
93,google.com.eg,216.58.208.163,19.104,28.895,60.158,11.485
94,quora.com,52.44.51.92,timeout,timeout,timeout,timeout
95,diply.com,23.209.198.235,24.081,35.342,114.613,26.536
96,google.com.ar,216.58.201.3,19.934,24.439,28.165,2.165
97,so.com,42.236.9.70,205.062,254.793,317.502,38.109
98,bbc.com,212.58.244.23,24.674,27.987,33.821,2.811
99,google.com.sa,216.58.212.99,20.308,39.098,92.063,24.481
100,www.360.com,106.120.167.67,323.826,366.033,438.234,46.951